Master Category,Subcategory,Date,Location,Payee,Description,Payment Method,Amount
Auto/Transportation,Gasoline,12/31/2022,"N PALM BEACH ,FL",SHELL,"SHELL OIL 57545115305 N PALM BEACH ,FL",WELLS FARGO AUTOGRAPH VISA(R) CARD ...2398,$39.00 
Auto/Transportation,Gasoline,12/25/2022,"N PALM BEACH ,FL",SHELL,"SHELL OIL 57545115305 N PALM BEACH ,FL",WELLS FARGO AUTOGRAPH VISA(R) CARD ...2398,$53.02 
Auto/Transportation,Gasoline,12/9/2022,"N PALM BEACH ,FL",SHELL,"SHELL OIL 57545115305 N PALM BEACH ,FL",WELLS FARGO AUTOGRAPH VISA(R) CARD ...2398,$37.01 
Auto/Transportation,Gasoline,11/28/2022,"N PALM BEACH ,FL",SHELL,"SHELL OIL 57545115305 N PALM BEACH ,FL",WELLS FARGO AUTOGRAPH VISA(R) CARD ...2398,$50.37 
Auto/Transportation,Gasoline,11/18/2022,"N PALM BEACH ,FL",SHELL,"SHELL OIL 57545115305 N PALM BEACH ,FL",WELLS FARGO AUTOGRAPH VISA(R) CARD ...2398,$31.01 
Auto/Transportation,Gasoline,11/11/2022,"PALM BEACH GA,FL",CHEVRON,"NEIGHBORS MARKET PALM BEACH GA,FL",WELLS FARGO AUTOGRAPH VISA(R) CARD ...2398,$103.83 
Auto/Transportation,Gasoline,11/8/2022,"PALM BEACH GA,FL",CHEVRON,"NEIGHBORS MARKET PALM BEACH GA,FL",WELLS FARGO AUTOGRAPH VISA(R) CARD ...2398,$31.37 
Auto/Transportation,Gasoline,11/8/2022,"N PALM BEACH ,FL",SHELL,"SHELL OIL 57545115305 N PALM BEACH ,FL",WELLS FARGO AUTOGRAPH VISA(R) CARD ...2398,$44.02 
Auto/Transportation,Gasoline,10/28/2022,"WEST PALM BEA,FL",AUTHENTIC SMOOTHIES,"AUTHENTIC SMOOTHIES LLC WEST PALM BEA,FL",WELLS FARGO AUTOGRAPH VISA(R) CARD ...2398,$17.10 
Auto/Transportation,Gasoline,10/25/2022,"N PALM BEACH ,FL",SHELL,"SHELL OIL 57545115305 N PALM BEACH ,FL",WELLS FARGO AUTOGRAPH VISA(R) CARD ...2398,$50.00 
Auto/Transportation,Gasoline,10/24/2022,"PALM BEACH GA,FL",CHEVRON,"NEIGHBORS MARKET PALM BEACH GA,FL",WELLS FARGO AUTOGRAPH VISA(R) CARD ...2398,$26.35 
Auto/Transportation,Gasoline,10/18/2022,"RIVIERA BEACH,FL",EXXON,"RIVIERA PETROLEUM AND FOO RIVIERA BEACH,FL",WELLS FARGO AUTOGRAPH VISA(R) CARD ...2398,$19.24 
Auto/Transportation,Gasoline,10/17/2022,"PALM BEACH GA,FL",CHEVRON,"NEIGHBORS MARKET PALM BEACH GA,FL",WELLS FARGO AUTOGRAPH VISA(R) CARD ...2398,$35.92 
Auto/Transportation,Gasoline,10/13/2022,"PALM BEACH GA,FL",CHEVRON,"NEIGHBORS MARKET PALM BEACH GA,FL",WELLS FARGO AUTOGRAPH VISA(R) CARD ...2398,$11.18 
Auto/Transportation,Gasoline,10/10/2022,"N PALM BEACH ,FL",SHELL,"SHELL OIL 57545115305 N PALM BEACH ,FL",WELLS FARGO AUTOGRAPH VISA(R) CARD ...2398,$43.09 
Auto/Transportation,Gasoline,9/27/2022,"N PALM BEACH ,FL",SHELL,"SHELL OIL 57545115305 N PALM BEACH ,FL",WELLS FARGO AUTOGRAPH VISA(R) CARD ...2398,$49.00 
Auto/Transportation,Gasoline,9/25/2022,"WEST PALM BEA,FL",KWIK PIC,"KWIK PIC FOOD STORE WEST PALM BEA,FL",WELLS FARGO AUTOGRAPH VISA(R) CARD ...2398,$49.20 
Auto/Transportation,Gasoline,9/13/2022,"PALM BEACH GA,FL",SUNOCO,"SUNOCO 0846265700 PALM BEACH GA,FL",WELLS FARGO AUTOGRAPH VISA(R) CARD ...2398,$31.03 
Auto/Transportation,Gasoline,9/12/2022,"N PALM BEACH ,FL",SHELL,"SHELL OIL 57545115305 N PALM BEACH ,FL",WELLS FARGO AUTOGRAPH VISA(R) CARD ...2398,$43.01 
Auto/Transportation,Gasoline,8/29/2022,"PALM BEACH GA,FL",CHEVRON,"NEIGHBORS MARKET PALM BEACH GA,FL",WELLS FARGO AUTOGRAPH VISA(R) CARD ...2398,$67.70 
Auto/Transportation,Gasoline,8/29/2022,"N PALM BEACH ,FL",SHELL,"SHELL OIL 57545115305 N PALM BEACH ,FL",WELLS FARGO AUTOGRAPH VISA(R) CARD ...2398,$46.00 
Auto/Transportation,Gasoline,8/14/2022,"PALM BEACH GA,FL",CHEVRON,"NEIGHBORS MARKET PALM BEACH GA,FL",WELLS FARGO AUTOGRAPH VISA(R) CARD ...2398,$40.88 
Auto/Transportation,Gasoline,8/12/2022,"N PALM BEACH ,FL",SHELL,"SHELL OIL 57545115305 N PALM BEACH ,FL",WELLS FARGO AUTOGRAPH VISA(R) CARD ...2398,$41.00 
Auto/Transportation,Gasoline,8/11/2022,"PALM BEACH GA,FL",CHEVRON,"NEIGHBORS MARKET PALM BEACH GA,FL",WELLS FARGO AUTOGRAPH VISA(R) CARD ...2398,$66.02 
Auto/Transportation,Gasoline,8/5/2022,"N PALM BEACH ,FL",SHELL,"SHELL OIL 57545115305 N PALM BEACH ,FL",WELLS FARGO AUTOGRAPH VISA(R) CARD ...2398,$47.61 
Auto/Transportation,Gasoline,7/29/2022,"WEST PALM BEA,FL",EXXON,"EXXONMOBIL    99738015 WEST PALM BEA,FL",WELLS FARGO AUTOGRAPH VISA(R) CARD ...2398,$67.00 
Auto/Transportation,Gasoline,7/27/2022,"RIVIERA BEACH,FL",SHELL,"SHELL OIL 57543663108 RIVIERA BEACH,FL",WELLS FARGO AUTOGRAPH VISA(R) CARD ...2398,$85.07 
Auto/Transportation,Gasoline,7/19/2022,"N PALM BEACH ,FL",SHELL,"SHELL OIL 57545115305 N PALM BEACH ,FL",WELLS FARGO AUTOGRAPH VISA(R) CARD ...2398,$47.03 
Auto/Transportation,Gasoline,7/11/2022,"FORT LAUDERDA,FL",SHELL,"SHELL OIL 57543663801 FORT LAUDERDA,FL",WELLS FARGO AUTOGRAPH VISA(R) CARD ...2398,$97.01 
Auto/Transportation,Gasoline,7/9/2022,"PALM SPRINGS ,FL",RACETRAC,"RACETRAC2380  00023804 PALM SPRINGS ,FL",WELLS FARGO AUTOGRAPH VISA(R) CARD ...2398,$60.01 
Auto/Transportation,Gasoline,7/1/2022,"N PALM BEACH ,FL",SHELL,"SHELL OIL 57545115305 N PALM BEACH ,FL",WELLS FARGO AUTOGRAPH VISA(R) CARD ...2398,$60.01 
Auto/Transportation,Gasoline,6/23/2022,"N PALM BEACH ,FL",SHELL,"SHELL OIL 57545115305 N PALM BEACH ,FL",WELLS FARGO AUTOGRAPH VISA(R) CARD ...2398,$85.01 
Auto/Transportation,Gasoline,6/20/2022,"PALM BEACH GA,FL",CHEVRON,"NEIGHBORS MARKET PALM BEACH GA,FL",WELLS FARGO AUTOGRAPH VISA(R) CARD ...2398,$15.14 
Auto/Transportation,Gasoline,6/20/2022,"N PALM BEACH ,FL",SHELL,"SHELL OIL 57545115305 N PALM BEACH ,FL",WELLS FARGO AUTOGRAPH VISA(R) CARD ...2398,$70.01 
Auto/Transportation,Gasoline,6/11/2022,"WEST PALM BEA,FL",SHELL,"SHELL OIL 57543663603 WEST PALM BEA,FL",WELLS FARGO AUTOGRAPH VISA(R) CARD ...2398,$72.01 
Auto/Transportation,Gasoline,6/1/2022,"ORLANDO      ,FL",SHELL,"SHELL OIL 57543430003 ORLANDO      ,FL",WELLS FARGO AUTOGRAPH VISA(R) CARD ...2398,$49.00 
Auto/Transportation,Gasoline,5/29/2022,"LANTANA      ,FL",SHELL,"SHELL OIL 57543662803 LANTANA      ,FL",WELLS FARGO AUTOGRAPH VISA(R) CARD ...2398,$69.06 
Auto/Transportation,Gasoline,5/18/2022,"PALM SPRINGS ,FL",RACETRAC,"RACETRAC2380  00023804 PALM SPRINGS ,FL",WELLS FARGO AUTOGRAPH VISA(R) CARD ...2398,$59.05 
Auto/Transportation,Gasoline,5/14/2022,"PALM BEACH GA,FL",CHEVRON,"NEIGHBORS MARKET PALM BEACH GA,FL",WELLS FARGO AUTOGRAPH VISA(R) CARD ...2398,$12.18 
Auto/Transportation,Gasoline,5/13/2022,"PALM BEACH GA,FL",CHEVRON,"NEIGHBORS MARKET PALM BEACH GA,FL",WELLS FARGO AUTOGRAPH VISA(R) CARD ...2398,$25.18 
Auto/Transportation,Gasoline,5/12/2022,"PALM BEACH GA,FL",CHEVRON,"NEIGHBORS MARKET PALM BEACH GA,FL",WELLS FARGO AUTOGRAPH VISA(R) CARD ...2398,$26.12 
Auto/Transportation,Gasoline,5/10/2022,"WEST PALM BEA,FL",SHELL,"SHELL OIL 10052259008 WEST PALM BEA,FL",WELLS FARGO AUTOGRAPH VISA(R) CARD ...2398,$97.02 
Auto/Transportation,Gasoline,5/9/2022,"PALM BEACH GA,FL",CHEVRON,"NEIGHBORS MARKET PALM BEACH GA,FL",WELLS FARGO AUTOGRAPH VISA(R) CARD ...2398,$92.08 
Auto/Transportation,Gasoline,5/9/2022,"N PALM BEACH ,FL",SHELL,"SHELL OIL 57545115305 N PALM BEACH ,FL",WELLS FARGO AUTOGRAPH VISA(R) CARD ...2398,$56.01 
Auto/Transportation,Gasoline,4/30/2022,"N PALM BEACH ,FL",SHELL,"SHELL OIL 57545115305 N PALM BEACH ,FL",WELLS FARGO AUTOGRAPH VISA(R) CARD ...2398,$52.00 
Auto/Transportation,Gasoline,4/21/2022,"PALM BEACH GA,FL",CHEVRON,"NEIGHBORS MARKET PALM BEACH GA,FL",WELLS FARGO AUTOGRAPH VISA(R) CARD ...2398,$62.19 
Auto/Transportation,Gasoline,4/21/2022,"N PALM BEACH ,FL",SHELL,"SHELL OIL 57545115305 N PALM BEACH ,FL",WELLS FARGO AUTOGRAPH VISA(R) CARD ...2398,$59.01 
Auto/Transportation,Gasoline,4/9/2022,"N PALM BEACH ,FL",SHELL,"SHELL OIL 57545115305 N PALM BEACH ,FL",WELLS FARGO AUTOGRAPH VISA(R) CARD ...2398,$53.00 
Auto/Transportation,Gasoline,3/29/2022,"N PALM BEACH ,FL",SHELL,"SHELL OIL 57545115305 N PALM BEACH ,FL",WELLS FARGO AUTOGRAPH VISA(R) CARD ...2398,$50.00 
Auto/Transportation,Gasoline,3/16/2022,"N PALM BEACH ,FL",SHELL,"SHELL OIL 57545115305 N PALM BEACH ,FL",WELLS FARGO AUTOGRAPH VISA(R) CARD ...2398,$57.61 
Auto/Transportation,Gasoline,3/9/2022,"WEST PALM BEA,FL",SHELL,"SHELL OIL 10052259008 WEST PALM BEA,FL",WELLS FARGO AUTOGRAPH VISA(R) CARD ...2398,$70.09 
Auto/Transportation,Gasoline,3/4/2022,"N PALM BEACH ,FL",SHELL,"SHELL OIL 57545115305 N PALM BEACH ,FL",WELLS FARGO AUTOGRAPH VISA(R) CARD ...2398,$48.05 
Auto/Transportation,Gasoline,2/21/2022,"N PALM BEACH ,FL",SHELL,"SHELL OIL 57545115305 N PALM BEACH ,FL",WELLS FARGO AUTOGRAPH VISA(R) CARD ...2398,$43.00 
Auto/Transportation,Gasoline,2/11/2022,"N PALM BEACH ,FL",SHELL,"SHELL OIL 57545115305 N PALM BEACH ,FL",WELLS FARGO AUTOGRAPH VISA(R) CARD ...2398,$45.00 
Auto/Transportation,Gasoline,2/5/2022,"WEST PALM BEA,FL",SHELL,"SHELL OIL 10052259008 WEST PALM BEA,FL",WELLS FARGO AUTOGRAPH VISA(R) CARD ...2398,$68.00 
Auto/Transportation,Gasoline,1/26/2022,"N PALM BEACH ,FL",SHELL,"SHELL OIL 57545115305 N PALM BEACH ,FL",WELLS FARGO AUTOGRAPH VISA(R) CARD ...2398,$47.02 
Auto/Transportation,Gasoline,1/17/2022,"PALM SPRINGS ,FL",SHELL,"SHELL OIL 12481082001 PALM SPRINGS ,FL",WELLS FARGO AUTOGRAPH VISA(R) CARD ...2398,$43.12 
Auto/Transportation,Gasoline,1/12/2022,"N PALM BEACH ,FL",SHELL,"SHELL OIL 57545115305 N PALM BEACH ,FL",WELLS FARGO AUTOGRAPH VISA(R) CARD ...2398,$47.01 
Auto/Transportation,Gasoline,1/8/2022,"PALM BEACH GA,FL",CHEVRON,"NEIGHBORS MARKET PALM BEACH GA,FL",WELLS FARGO AUTOGRAPH VISA(R) CARD ...2398,$149.99 
Auto/Transportation,Parking/Tolls,11/18/2022,"FORT LAUDERDA,FL",ARENA OPERATING,"ARENA OPERATING COMPANY L FORT LAUDERDA,FL",WELLS FARGO AUTOGRAPH VISA(R) CARD ...2398,$35.00 
Bills/Utilities,Phone/Internet,8/11/2022,"NORTH PALM BE,FL",T-MOBILE,"BOOST MOBILE (NORTHLAKE B NORTH PALM BE,FL",WELLS FARGO AUTOGRAPH VISA(R) CARD ...2398,$15.90 
Bills/Utilities,Phone/Internet,3/7/2022,"PALM BEACH   ,FL",T-MOBILE,"BOOST MOBILE PALM BEACH   ,FL",WELLS FARGO AUTOGRAPH VISA(R) CARD ...2398,$302.49 
Business/Office,Office Supplies/Furniture,7/22/2022,"PALM BEACH GA,FL",OFFICE DEPOT,"OFFICE DEPOT #211 PALM BEACH GA,FL",WELLS FARGO AUTOGRAPH VISA(R) CARD ...2398,$149.76 
Business/Office,Postage/Shipping,4/30/2022,"561-8449997  ,FL",THE UPS STORE,"THE UPS STORE 3410 561-8449997  ,FL",WELLS FARGO AUTOGRAPH VISA(R) CARD ...2398,$13.00 
Business/Office,Postage/Shipping,1/10/2022,"800-238-3150 ,TN",UNITED STATES POSTAL SERVICE,"USPS CHANGE OF ADDRESS 800-238-3150 ,TN",WELLS FARGO AUTOGRAPH VISA(R) CARD ...2398,$1.10 
Business/Office,Wholesale,12/19/2022,"RIVIERA BEACH,FL",RESTAURANT DEPOT,"RESTAURANT DEPOT RIVIERA BEACH,FL",WELLS FARGO AUTOGRAPH VISA(R) CARD ...2398,$107.46 
Business/Office,Wholesale,12/9/2022,"RIVIERA BEACH,FL",RESTAURANT DEPOT,"RESTAURANT DEPOT RIVIERA BEACH,FL",WELLS FARGO AUTOGRAPH VISA(R) CARD ...2398,$109.70 
Business/Office,Wholesale,10/14/2022,"RIVIERA BEACH,FL",RESTAURANT DEPOT,"RESTAURANT DEPOT RIVIERA BEACH,FL",WELLS FARGO AUTOGRAPH VISA(R) CARD ...2398,$176.74 
Business/Office,Wholesale,10/4/2022,"RIVIERA BEACH,FL",RESTAURANT DEPOT,"RESTAURANT DEPOT RIVIERA BEACH,FL",WELLS FARGO AUTOGRAPH VISA(R) CARD ...2398,$53.64 
Business/Office,Wholesale,8/25/2022,"RIVIERA BEACH,FL",RESTAURANT DEPOT,"RESTAURANT DEPOT RIVIERA BEACH,FL",WELLS FARGO AUTOGRAPH VISA(R) CARD ...2398,$95.26 
Business/Office,Wholesale,5/20/2022,"RIVIERA BEACH,FL",RESTAURANT DEPOT,"RESTAURANT DEPOT RIVIERA BEACH,FL",WELLS FARGO AUTOGRAPH VISA(R) CARD ...2398,$94.49 
Business/Office,Wholesale,4/15/2022,"RIVIERA BEACH,FL",RESTAURANT DEPOT,"RESTAURANT DEPOT RIVIERA BEACH,FL",WELLS FARGO AUTOGRAPH VISA(R) CARD ...2398,$172.58 
Business/Office,Wholesale,2/5/2022,"RIVIERA BEACH,FL",RESTAURANT DEPOT,"RESTAURANT DEPOT RIVIERA BEACH,FL",WELLS FARGO AUTOGRAPH VISA(R) CARD ...2398,$224.83 
Business/Office,Other Business/Office,6/16/2022,"800-523-4448 ,FL",SHOES FOR CREWS,"SHOES FOR CREWS LLC 800-523-4448 ,FL",WELLS FARGO AUTOGRAPH VISA(R) CARD ...2398,$95.98 
Children,Daycare,5/18/2022,"NORTH PALM BE,FL",HAPPY HOUSE,"HAPPY HOUSE PALM BEACH NORTH PALM BE,FL",WELLS FARGO AUTOGRAPH VISA(R) CARD ...2398,$12.85 
Children,Daycare,5/11/2022,"NORTH PALM BE,FL",HAPPY HOUSE,"HAPPY HOUSE PALM BEACH NORTH PALM BE,FL",WELLS FARGO AUTOGRAPH VISA(R) CARD ...2398,$25.95 
Entertainment,Other Entertainment,9/8/2022,"800-653-8000 ,CA",TICKETMASTER,"TM *MAVERICK CITY MUSI 800-653-8000 ,CA",WELLS FARGO AUTOGRAPH VISA(R) CARD ...2398,$148.65 
Entertainment,Other Entertainment,6/20/2022,"800-261-2576 ,IA",GRADIMAGES,"EPG*GRAD IMAGES 800-261-2576 ,IA",WELLS FARGO AUTOGRAPH VISA(R) CARD ...2398,$123.30 
Food/Drink,Coffee Shops,10/28/2022,"LAKE WORTH   ,FL",TEA PLUS,"TEA PLUS LAKE WORTH   ,FL",WELLS FARGO AUTOGRAPH VISA(R) CARD ...2398,$23.33 
Food/Drink,Fast Food,12/30/2022,"156-1630463  ,FL",MCDONALD'S,"McDonalds 28730 156-1630463  ,FL",WELLS FARGO AUTOGRAPH VISA(R) CARD ...2398,$5.45 
Food/Drink,Fast Food,12/24/2022,"156-1844384  ,FL",MCDONALD'S,"McDonalds 468 156-1844384  ,FL",WELLS FARGO AUTOGRAPH VISA(R) CARD ...2398,$8.45 
Food/Drink,Fast Food,12/22/2022,"RIVIERA BEACH,FL",CHINA WOK,"CHINA WOK RIVIERA BEACH,FL",WELLS FARGO AUTOGRAPH VISA(R) CARD ...2398,$29.16 
Food/Drink,Fast Food,12/16/2022,"LAKE PARK    ,FL",DUNKIN,"DUNKIN #300243 LAKE PARK    ,FL",WELLS FARGO AUTOGRAPH VISA(R) CARD ...2398,$20.16 
Food/Drink,Fast Food,11/17/2022,"olo.com      ,FL",POLLO TROPICAL,"POLLO TROPICAL 10048 OLO olo.com      ,FL",WELLS FARGO AUTOGRAPH VISA(R) CARD ...2398,$79.55 
Food/Drink,Fast Food,10/26/2022,"RIVIERA BEACH,FL",CHINA WOK,"CHINA WOK RIVIERA BEACH,FL",WELLS FARGO AUTOGRAPH VISA(R) CARD ...2398,$22.11 
Food/Drink,Fast Food,10/25/2022,"olo.com      ,FL",POLLO TROPICAL,"POLLO TROPICAL 10048 OLO olo.com      ,FL",WELLS FARGO AUTOGRAPH VISA(R) CARD ...2398,$18.69 
Food/Drink,Fast Food,10/24/2022,"156-1844384  ,FL",MCDONALD'S,"McDonald's 468 156-1844384  ,FL",WELLS FARGO AUTOGRAPH VISA(R) CARD ...2398,$8.86 
Food/Drink,Fast Food,10/20/2022,"156-1844384  ,FL",MCDONALD'S,"McDonald's 468 156-1844384  ,FL",WELLS FARGO AUTOGRAPH VISA(R) CARD ...2398,$11.02 
Food/Drink,Fast Food,10/14/2022,"RIVIERA BEACH,FL",CHINA WOK,"CHINA WOK RIVIERA BEACH,FL",WELLS FARGO AUTOGRAPH VISA(R) CARD ...2398,$17.66 
Food/Drink,Fast Food,10/10/2022,"RIVIERA BEACH,FL",CHINA WOK,"CHINA WOK RIVIERA BEACH,FL",WELLS FARGO AUTOGRAPH VISA(R) CARD ...2398,$8.83 
Food/Drink,Fast Food,10/10/2022,"156-1844384  ,FL",MCDONALD'S,"McDonald's 468 156-1844384  ,FL",WELLS FARGO AUTOGRAPH VISA(R) CARD ...2398,$12.42 
Food/Drink,Fast Food,10/1/2022,"RIVIERA BEACH,FL",CHINA WOK,"CHINA WOK RIVIERA BEACH,FL",WELLS FARGO AUTOGRAPH VISA(R) CARD ...2398,$94.21 
Food/Drink,Fast Food,9/14/2022,"RIVIERA BEACH,FL",CHINA WOK,"CHINA WOK RIVIERA BEACH,FL",WELLS FARGO AUTOGRAPH VISA(R) CARD ...2398,$63.29 
Food/Drink,Fast Food,9/10/2022,"561-691-3972 ,FL",DUNKIN,"DUNKIN #341661 Q35 561-691-3972 ,FL",WELLS FARGO AUTOGRAPH VISA(R) CARD ...2398,$13.65 
Food/Drink,Fast Food,9/8/2022,"RIVIERA BEACH,FL",CHINA WOK,"CHINA WOK RIVIERA BEACH,FL",WELLS FARGO AUTOGRAPH VISA(R) CARD ...2398,$17.60 
Food/Drink,Fast Food,9/8/2022,"156-1844384  ,FL",MCDONALD'S,"McDonald's 468 156-1844384  ,FL",WELLS FARGO AUTOGRAPH VISA(R) CARD ...2398,$6.84 
Food/Drink,Fast Food,9/4/2022,"FT LAUDERDALE,FL",MCDONALD'S,"MCDONALD'S F7158 FT LAUDERDALE,FL",WELLS FARGO AUTOGRAPH VISA(R) CARD ...2398,$136.83 
Food/Drink,Fast Food,8/30/2022,"180-024-4768 ,CA",CHIPOTLE,"CHIPOTLE ONLINE 180-024-4768 ,CA",WELLS FARGO AUTOGRAPH VISA(R) CARD ...2398,$11.61 
Food/Drink,Fast Food,8/26/2022,"RIVIERA BEACH,FL",CHINA WOK,"CHINA WOK RIVIERA BEACH,FL",WELLS FARGO AUTOGRAPH VISA(R) CARD ...2398,$46.01 
Food/Drink,Fast Food,8/17/2022,"PALM BEACH GA,FL",MCDONALD'S,"MCDONALD'S F28730 PALM BEACH GA,FL",WELLS FARGO AUTOGRAPH VISA(R) CARD ...2398,$1.07 
Food/Drink,Fast Food,8/14/2022,"WEST PALM BEA,FL",DOMINOS PIZZA,"DOMINO'S 3879 WEST PALM BEA,FL",WELLS FARGO AUTOGRAPH VISA(R) CARD ...2398,$66.30 
Food/Drink,Fast Food,8/5/2022,"156-1582117  ,FL",MCDONALD'S,"McDonald's 5761 156-1582117  ,FL",WELLS FARGO AUTOGRAPH VISA(R) CARD ...2398,$6.42 
Food/Drink,Fast Food,8/4/2022,"156-1582117  ,FL",MCDONALD'S,"McDonald's 5761 156-1582117  ,FL",WELLS FARGO AUTOGRAPH VISA(R) CARD ...2398,$10.69 
Food/Drink,Fast Food,7/31/2022,"FT LAUDERDALE,FL",MCDONALD'S,"MCDONALD'S F7158 FT LAUDERDALE,FL",WELLS FARGO AUTOGRAPH VISA(R) CARD ...2398,$33.36 
Food/Drink,Fast Food,7/31/2022,"FT LAUDERDALE,FL",MCDONALD'S,"MCDONALD'S F7158 FT LAUDERDALE,FL",WELLS FARGO AUTOGRAPH VISA(R) CARD ...2398,$219.16 
Food/Drink,Fast Food,7/27/2022,"156-1630463  ,FL",MCDONALD'S,"McDonald's 28730 156-1630463  ,FL",WELLS FARGO AUTOGRAPH VISA(R) CARD ...2398,$4.18 
Food/Drink,Fast Food,7/27/2022,"156-1844384  ,FL",MCDONALD'S,"McDonald's 468 156-1844384  ,FL",WELLS FARGO AUTOGRAPH VISA(R) CARD ...2398,$8.09 
Food/Drink,Fast Food,7/9/2022,"156-1582117  ,FL",MCDONALD'S,"McDonald's 5761 156-1582117  ,FL",WELLS FARGO AUTOGRAPH VISA(R) CARD ...2398,$11.65 
Food/Drink,Fast Food,7/6/2022,"561-691-3972 ,FL",DUNKIN,"DUNKIN #341661 Q35 561-691-3972 ,FL",WELLS FARGO AUTOGRAPH VISA(R) CARD ...2398,$31.03 
Food/Drink,Fast Food,7/1/2022,"LAKE WORTH   ,FL",WENDY'S,"WENDYS 1947 LAKE WORTH   ,FL",WELLS FARGO AUTOGRAPH VISA(R) CARD ...2398,$5.94 
Food/Drink,Fast Food,6/29/2022,"RIVIERA BEACH,FL",CHINA WOK,"CHINA WOK RIVIERA BEACH,FL",WELLS FARGO AUTOGRAPH VISA(R) CARD ...2398,$43.87 
Food/Drink,Fast Food,6/28/2022,"156-1844384  ,FL",MCDONALD'S,"McDonald's 468 156-1844384  ,FL",WELLS FARGO AUTOGRAPH VISA(R) CARD ...2398,$9.41 
Food/Drink,Fast Food,6/15/2022,"561-691-3972 ,FL",DUNKIN,"DUNKIN #341661 Q35 561-691-3972 ,FL",WELLS FARGO AUTOGRAPH VISA(R) CARD ...2398,$29.65 
Food/Drink,Fast Food,6/8/2022,"561-691-3972 ,FL",DUNKIN,"DUNKIN #341661 Q35 561-691-3972 ,FL",WELLS FARGO AUTOGRAPH VISA(R) CARD ...2398,$31.14 
Food/Drink,Fast Food,5/25/2022,"156-1630463  ,FL",MCDONALD'S,"McDonald's 28730 156-1630463  ,FL",WELLS FARGO AUTOGRAPH VISA(R) CARD ...2398,$23.50 
Food/Drink,Fast Food,5/19/2022,"156-1844384  ,FL",MCDONALD'S,"McDonald's 468 156-1844384  ,FL",WELLS FARGO AUTOGRAPH VISA(R) CARD ...2398,$15.13 
Food/Drink,Fast Food,5/18/2022,"156-1844384  ,FL",MCDONALD'S,"McDonald's 468 156-1844384  ,FL",WELLS FARGO AUTOGRAPH VISA(R) CARD ...2398,$30.64 
Food/Drink,Fast Food,5/14/2022,"561-826-0883 ,FL",DOMINO'S PIZZA,"DOMINO'S 5062 561-826-0883 ,FL",WELLS FARGO AUTOGRAPH VISA(R) CARD ...2398,$42.80 
Food/Drink,Fast Food,5/13/2022,"156-1844384  ,FL",MCDONALD'S,"McDonald's 468 156-1844384  ,FL",WELLS FARGO AUTOGRAPH VISA(R) CARD ...2398,$17.70 
Food/Drink,Fast Food,5/9/2022,"LAKE PARK    ,FL",CHICK-FIL-A,"CHICK-FIL-A #01827 LAKE PARK    ,FL",WELLS FARGO AUTOGRAPH VISA(R) CARD ...2398,$14.21 
Food/Drink,Fast Food,5/6/2022,"156-1844384  ,FL",MCDONALD'S,"McDonald's 468 156-1844384  ,FL",WELLS FARGO AUTOGRAPH VISA(R) CARD ...2398,$23.82 
Food/Drink,Fast Food,5/4/2022,"156-1844384  ,FL",MCDONALD'S,"McDonald's 468 156-1844384  ,FL",WELLS FARGO AUTOGRAPH VISA(R) CARD ...2398,$29.92 
Food/Drink,Fast Food,4/28/2022,"WEST PALM BEA,FL",CHICK-FIL-A,"PBAU CHICK-FIL-A WEST PALM BEA,FL",WELLS FARGO AUTOGRAPH VISA(R) CARD ...2398,$9.58 
Food/Drink,Fast Food,4/27/2022,"156-1844384  ,FL",MCDONALD'S,"McDonald's 468 156-1844384  ,FL",WELLS FARGO AUTOGRAPH VISA(R) CARD ...2398,$20.20 
Food/Drink,Fast Food,4/27/2022,"156-1844384  ,FL",MCDONALD'S,"McDonald's 468 156-1844384  ,FL",WELLS FARGO AUTOGRAPH VISA(R) CARD ...2398,$26.23 
Food/Drink,Fast Food,4/27/2022,"olo.com      ,FL",POLLO TROPICAL,"POLLO TROPICAL 10048 OLO olo.com      ,FL",WELLS FARGO AUTOGRAPH VISA(R) CARD ...2398,$51.09 
Food/Drink,Fast Food,4/26/2022,"olo.com      ,FL",POLLO TROPICAL,"POLLO TROPICAL 10048 OLO olo.com      ,FL",WELLS FARGO AUTOGRAPH VISA(R) CARD ...2398,$17.19 
Food/Drink,Fast Food,4/21/2022,"156-1844384  ,FL",MCDONALD'S,"McDonald's 468 156-1844384  ,FL",WELLS FARGO AUTOGRAPH VISA(R) CARD ...2398,$3.84 
Food/Drink,Fast Food,4/20/2022,"NORTH PALM BE,FL",DOMINO'S PIZZA,"DOMINO'S 5062 NORTH PALM BE,FL",WELLS FARGO AUTOGRAPH VISA(R) CARD ...2398,$44.67 
Food/Drink,Fast Food,4/17/2022,"156-1844384  ,FL",MCDONALD'S,"McDonald's 468 156-1844384  ,FL",WELLS FARGO AUTOGRAPH VISA(R) CARD ...2398,$8.55 
Food/Drink,Fast Food,3/26/2022,"561-641-3030 ,FL",DOMINO'S PIZZA,"DOMINO'S 3880 561-641-3030 ,FL",WELLS FARGO AUTOGRAPH VISA(R) CARD ...2398,$32.78 
Food/Drink,Fast Food,3/12/2022,"NORTH PALM BE,FL",DOMINO'S PIZZA,"DOMINO'S 5062 NORTH PALM BE,FL",WELLS FARGO AUTOGRAPH VISA(R) CARD ...2398,$36.36 
Food/Drink,Fast Food,2/19/2022,"561-826-0883 ,FL",DOMINO'S PIZZA,"DOMINO'S 5062 561-826-0883 ,FL",WELLS FARGO AUTOGRAPH VISA(R) CARD ...2398,$57.75 
Food/Drink,Fast Food,2/12/2022,"PALM BEACH GA,FL",DUNKIN,"DUNKIN #302456 PALM BEACH GA,FL",WELLS FARGO AUTOGRAPH VISA(R) CARD ...2398,$29.85 
Food/Drink,Fast Food,2/12/2022,"olo.com      ,FL",POLLO TROPICAL,"POLLO TROPICAL 10017 OLO olo.com      ,FL",WELLS FARGO AUTOGRAPH VISA(R) CARD ...2398,$83.35 
Food/Drink,Fast Food,2/3/2022,"RIVIERA BEACH,FL",CHINA WOK,"CHINA WOK RIVIERA BEACH,FL",WELLS FARGO AUTOGRAPH VISA(R) CARD ...2398,$10.97 
Food/Drink,Fast Food,1/26/2022,"olo.com      ,FL",POLLO TROPICAL,"POLLO TROPICAL 10048 OLO olo.com      ,FL",WELLS FARGO AUTOGRAPH VISA(R) CARD ...2398,$46.37 
Food/Drink,Fast Food,1/21/2022,"RIVIERA BEACH,FL",CHINA WOK,"CHINA WOK RIVIERA BEACH,FL",WELLS FARGO AUTOGRAPH VISA(R) CARD ...2398,$8.51 
Food/Drink,Fast Food,1/14/2022,"WEST PALM BEA,FL",MCDONALD'S,"MCDONALD'S F7129 WEST PALM BEA,FL",WELLS FARGO AUTOGRAPH VISA(R) CARD ...2398,$7.16 
Food/Drink,Fast Food,1/8/2022,"RIVIERA BEACH,FL",MCDONALD'S,"MCDONALD'S F468 RIVIERA BEACH,FL",WELLS FARGO AUTOGRAPH VISA(R) CARD ...2398,$26.19 
Food/Drink,Groceries,12/27/2022,"PALM BEACH GA,FL",PUBLIX,"PUBLIX #179 PALM BEACH GA,FL",WELLS FARGO AUTOGRAPH VISA(R) CARD ...2398,$9.08 
Food/Drink,Groceries,12/23/2022,"WEST PALM BEA,FL",FOODTOWN,"FOODTOWN OF NATIONA WEST PALM BEA,FL",WELLS FARGO AUTOGRAPH VISA(R) CARD ...2398,$64.04 
Food/Drink,Groceries,12/23/2022,"PALM BCH GDNS,FL",PUBLIX,"PUBLIX #367 PALM BCH GDNS,FL",WELLS FARGO AUTOGRAPH VISA(R) CARD ...2398,$18.50 
Food/Drink,Groceries,11/28/2022,"PALM BCH GDNS,FL",PUBLIX,"PUBLIX #434 PALM BCH GDNS,FL",WELLS FARGO AUTOGRAPH VISA(R) CARD ...2398,$11.11 
Food/Drink,Groceries,11/23/2022,"WEST PALM BEA,FL",FOODTOWN,"FOODTOWN OF NATIONA WEST PALM BEA,FL",WELLS FARGO AUTOGRAPH VISA(R) CARD ...2398,$21.53 
Food/Drink,Groceries,11/15/2022,"WEST PALM BEA,FL",FOODTOWN,"FOODTOWN OF NATIONA WEST PALM BEA,FL",WELLS FARGO AUTOGRAPH VISA(R) CARD ...2398,$11.76 
Food/Drink,Groceries,11/8/2022,"PALM BCH GDNS,FL",PUBLIX,"PUBLIX #367 PALM BCH GDNS,FL",WELLS FARGO AUTOGRAPH VISA(R) CARD ...2398,$21.99 
Food/Drink,Groceries,11/2/2022,"PALM BCH GDNS,FL",PUBLIX,"PUBLIX #367 PALM BCH GDNS,FL",WELLS FARGO AUTOGRAPH VISA(R) CARD ...2398,$21.30 
Food/Drink,Groceries,10/30/2022,"WEST PALM BEA,FL",FOODTOWN,"FOODTOWN OF NATIONA WEST PALM BEA,FL",WELLS FARGO AUTOGRAPH VISA(R) CARD ...2398,$23.52 
Food/Drink,Groceries,10/30/2022,"PALM BCH GDNS,FL",PUBLIX,"PUBLIX #434 PALM BCH GDNS,FL",WELLS FARGO AUTOGRAPH VISA(R) CARD ...2398,$12.84 
Food/Drink,Groceries,10/26/2022,"WEST PALM BEA,FL",INDIA BAZAAR,"INDIA BAZAAR WEST PALM BEA,FL",WELLS FARGO AUTOGRAPH VISA(R) CARD ...2398,$9.34 
Food/Drink,Groceries,10/26/2022,"WEST PALM BEA,FL",PUBLIX,"PUBLIX #1491 WEST PALM BEA,FL",WELLS FARGO AUTOGRAPH VISA(R) CARD ...2398,$22.79 
Food/Drink,Groceries,10/15/2022,"PALM BCH GDNS,FL",PUBLIX,"PUBLIX #367 PALM BCH GDNS,FL",WELLS FARGO AUTOGRAPH VISA(R) CARD ...2398,$37.07 
Food/Drink,Groceries,10/13/2022,"PALM BCH GDNS,FL",PUBLIX,"PUBLIX #434 PALM BCH GDNS,FL",WELLS FARGO AUTOGRAPH VISA(R) CARD ...2398,$117.52 
Food/Drink,Groceries,10/11/2022,"WEST PALM BEA,FL",FOODTOWN,"FOODTOWN OF NATIONA WEST PALM BEA,FL",WELLS FARGO AUTOGRAPH VISA(R) CARD ...2398,$18.47 
Food/Drink,Groceries,10/8/2022,"WEST PALM BEA,FL",FOODTOWN,"FOODTOWN OF NATIONA WEST PALM BEA,FL",WELLS FARGO AUTOGRAPH VISA(R) CARD ...2398,$23.52 
Food/Drink,Groceries,10/6/2022,"WEST PALM BEA,FL",PUBLIX,"PUBLIX #1491 WEST PALM BEA,FL",WELLS FARGO AUTOGRAPH VISA(R) CARD ...2398,$2.01 
Food/Drink,Groceries,10/4/2022,"WEST PALM BEA,FL",FOODTOWN,"FOODTOWN OF NATIONA WEST PALM BEA,FL",WELLS FARGO AUTOGRAPH VISA(R) CARD ...2398,$11.76 
Food/Drink,Groceries,9/25/2022,"WEST PALM BEA,FL",VINH HUNG SUPERMARKET,"VINH HUNG ORIENTAL MARKET WEST PALM BEA,FL",WELLS FARGO AUTOGRAPH VISA(R) CARD ...2398,$6.42 
Food/Drink,Groceries,9/22/2022,"PALM BCH GDNS,FL",PUBLIX,"PUBLIX #367 PALM BCH GDNS,FL",WELLS FARGO AUTOGRAPH VISA(R) CARD ...2398,$8.54 
Food/Drink,Groceries,9/14/2022,"PALM BCH GDNS,FL",PUBLIX,"PUBLIX #434 PALM BCH GDNS,FL",WELLS FARGO AUTOGRAPH VISA(R) CARD ...2398,$12.52 
Food/Drink,Groceries,9/5/2022,"WEST PALM BEA,FL",PUBLIX,"PUBLIX #1491 WEST PALM BEA,FL",WELLS FARGO AUTOGRAPH VISA(R) CARD ...2398,$15.87 
Food/Drink,Groceries,8/23/2022,"WEST PALM BEA,FL",PUBLIX,"PUBLIX #1491 WEST PALM BEA,FL",WELLS FARGO AUTOGRAPH VISA(R) CARD ...2398,$21.31 
Food/Drink,Groceries,8/15/2022,"N PALM BEACH ,FL",PUBLIX,"PUBLIX #699 N PALM BEACH ,FL",WELLS FARGO AUTOGRAPH VISA(R) CARD ...2398,$9.62 
Food/Drink,Groceries,8/14/2022,"FT. LAUDERDAL,FL",PRESIDENTE SUPERMARKET,"PRESIDENTE SUPERMARKET NO FT. LAUDERDAL,FL",WELLS FARGO AUTOGRAPH VISA(R) CARD ...2398,$15.96 
Food/Drink,Groceries,8/14/2022,"PALM BCH GDNS,FL",PUBLIX,"PUBLIX #434 PALM BCH GDNS,FL",WELLS FARGO AUTOGRAPH VISA(R) CARD ...2398,$106.59 
Food/Drink,Groceries,7/26/2022,"PALM BCH GDNS,FL",PUBLIX,"PUBLIX #367 PALM BCH GDNS,FL",WELLS FARGO AUTOGRAPH VISA(R) CARD ...2398,$20.42 
Food/Drink,Groceries,7/19/2022,"PALM BCH GDNS,FL",PUBLIX,"PUBLIX #367 PALM BCH GDNS,FL",WELLS FARGO AUTOGRAPH VISA(R) CARD ...2398,$82.90 
Food/Drink,Groceries,6/26/2022,"WEST PALM BEA,FL",VINH HUNG SUPERMARKET,"VINH HUNG ORIENTAL MARKET WEST PALM BEA,FL",WELLS FARGO AUTOGRAPH VISA(R) CARD ...2398,$10.70 
Food/Drink,Groceries,6/22/2022,"RIVIERA BEACH,FL",PUBLIX,"PUBLIX #1359 RIVIERA BEACH,FL",WELLS FARGO AUTOGRAPH VISA(R) CARD ...2398,$50.72 
Food/Drink,Groceries,6/14/2022,"N PALM BEACH ,FL",PUBLIX,"PUBLIX #699 N PALM BEACH ,FL",WELLS FARGO AUTOGRAPH VISA(R) CARD ...2398,$8.36 
Food/Drink,Groceries,6/13/2022,"PALM BCH GDNS,FL",PUBLIX,"PUBLIX #434 PALM BCH GDNS,FL",WELLS FARGO AUTOGRAPH VISA(R) CARD ...2398,$73.28 
Food/Drink,Groceries,6/8/2022,"N PALM BEACH ,FL",PUBLIX,"PUBLIX #699 N PALM BEACH ,FL",WELLS FARGO AUTOGRAPH VISA(R) CARD ...2398,$10.69 
Food/Drink,Groceries,5/25/2022,"PALM BCH GDNS,FL",PUBLIX,"PUBLIX #367 PALM BCH GDNS,FL",WELLS FARGO AUTOGRAPH VISA(R) CARD ...2398,$9.28 
Food/Drink,Groceries,5/20/2022,"WEST PALM BEA,FL",FOODTOWN,"FOODTOWN OF NATIONA WEST PALM BEA,FL",WELLS FARGO AUTOGRAPH VISA(R) CARD ...2398,$70.52 
Food/Drink,Groceries,5/14/2022,"N PALM BEACH ,FL",PUBLIX,"PUBLIX #699 N PALM BEACH ,FL",WELLS FARGO AUTOGRAPH VISA(R) CARD ...2398,$23.00 
Food/Drink,Groceries,4/23/2022,"PALM BEACH GA,FL",PUBLIX,"PUBLIX #179 PALM BEACH GA,FL",WELLS FARGO AUTOGRAPH VISA(R) CARD ...2398,$31.86 
Food/Drink,Groceries,4/15/2022,"WEST PALM BEA,FL",FOODTOWN,"FOODTOWN OF NATIONA WEST PALM BEA,FL",WELLS FARGO AUTOGRAPH VISA(R) CARD ...2398,$77.78 
Food/Drink,Groceries,3/23/2022,"WEST PALM BEA,FL",PUBLIX,"PUBLIX #1491 WEST PALM BEA,FL",WELLS FARGO AUTOGRAPH VISA(R) CARD ...2398,$20.10 
Food/Drink,Groceries,2/19/2022,"PALM BCH GDNS,FL",PUBLIX,"PUBLIX #367 PALM BCH GDNS,FL",WELLS FARGO AUTOGRAPH VISA(R) CARD ...2398,$39.98 
Food/Drink,Groceries,2/16/2022,"N PALM BEACH ,FL",PUBLIX,"PUBLIX #699 N PALM BEACH ,FL",WELLS FARGO AUTOGRAPH VISA(R) CARD ...2398,$9.62 
Food/Drink,Groceries,2/8/2022,"WEST PALM BEA,FL",PUBLIX,"PUBLIX #1491 WEST PALM BEA,FL",WELLS FARGO AUTOGRAPH VISA(R) CARD ...2398,$4.80 
Food/Drink,Groceries,2/1/2022,"WEST PALM BEA,FL",FOODTOWN,"FOODTOWN OF NATIONA WEST PALM BEA,FL",WELLS FARGO AUTOGRAPH VISA(R) CARD ...2398,$43.84 
Food/Drink,Groceries,1/15/2022,"WEST PALM BEA,FL",FOODTOWN,"FOODTOWN OF NATIONA WEST PALM BEA,FL",WELLS FARGO AUTOGRAPH VISA(R) CARD ...2398,$63.32 
Food/Drink,Groceries,1/10/2022,"WEST PALM BEA,FL",FOODTOWN,"FOODTOWN OF NATIONA WEST PALM BEA,FL",WELLS FARGO AUTOGRAPH VISA(R) CARD ...2398,$1.27 
Food/Drink,Groceries,1/10/2022,"N PALM BEACH ,FL",PUBLIX,"PUBLIX #699 N PALM BEACH ,FL",WELLS FARGO AUTOGRAPH VISA(R) CARD ...2398,$22.58 
Food/Drink,Restaurants,12/22/2022,"PALM BEACH GA,FL",CHINATOWN CHEF,"CHINATOWN OF PALM BCH PALM BEACH GA,FL",WELLS FARGO AUTOGRAPH VISA(R) CARD ...2398,$39.53 
Food/Drink,Restaurants,12/10/2022,"LAKE PARK    ,FL",FOGATA MEXICANA,"LA FOGATA LAKE PARK    ,FL",WELLS FARGO AUTOGRAPH VISA(R) CARD ...2398,$45.95 
Food/Drink,Restaurants,12/9/2022,"WEST PALM BEA,FL",CHINA SKY,"CHINA SKY CHINESE FOOD WEST PALM BEA,FL",WELLS FARGO AUTOGRAPH VISA(R) CARD ...2398,$9.90 
Food/Drink,Restaurants,11/30/2022,"MANGONIA PARK,FL",HOOK FISH AND CHICKEN,"HOOK FISH & CHICKEN MANGONIA PARK,FL",WELLS FARGO AUTOGRAPH VISA(R) CARD ...2398,$24.58 
Food/Drink,Restaurants,11/28/2022,"PALM BEACH GA,FL",CHINA GARDEN,"CHINA GARDEN PALM BEACH GA,FL",WELLS FARGO AUTOGRAPH VISA(R) CARD ...2398,$35.89 
Food/Drink,Restaurants,11/28/2022,"HASHTAGAPPLIC,FL",SOUVLAKI FAST,"SOUVLAKI FAST ONLINE HASHTAGAPPLIC,FL",WELLS FARGO AUTOGRAPH VISA(R) CARD ...2398,$21.67 
Food/Drink,Restaurants,11/23/2022,"WEST PALM BEA,FL",BUDS CHICKEN AND SEAFOOD,"BUDS CHICKEN & SEAFOOD - WEST PALM BEA,FL",WELLS FARGO AUTOGRAPH VISA(R) CARD ...2398,$20.76 
Food/Drink,Restaurants,11/23/2022,"PALM BEACH GA,FL",CHARLEYS PHILLY STEAKS,"CHARLEYS PHILLY STEAKS 21 PALM BEACH GA,FL",WELLS FARGO AUTOGRAPH VISA(R) CARD ...2398,$4.79 
Food/Drink,Restaurants,11/22/2022,"PALM BEACH GA,FL",CHINATOWN CHEF,"CHINATOWN OF PALM BCH PALM BEACH GA,FL",WELLS FARGO AUTOGRAPH VISA(R) CARD ...2398,$29.91 
Food/Drink,Restaurants,11/14/2022,"561-623-0102 ,FL",RICE AND NOODLE,"RICE AND NOODLE 561-623-0102 ,FL",WELLS FARGO AUTOGRAPH VISA(R) CARD ...2398,$21.29 
Food/Drink,Restaurants,11/8/2022,"Palm Beach Ga,FL",ANDYS LATIN FOOD,"SQ *ANDY'S LATIN FOOD Palm Beach Ga,FL",WELLS FARGO AUTOGRAPH VISA(R) CARD ...2398,$32.10 
Food/Drink,Restaurants,11/8/2022,"LAKE PARK    ,FL",GUADALAJARA RESTAURANT,"GUADALAJARA RESTAURANT LAKE PARK    ,FL",WELLS FARGO AUTOGRAPH VISA(R) CARD ...2398,$31.31 
Food/Drink,Restaurants,11/4/2022,"olo.com      ,FL",WINGSTOP,"WINGSTOP 1122 OLO olo.com      ,FL",WELLS FARGO AUTOGRAPH VISA(R) CARD ...2398,$18.18 
Food/Drink,Restaurants,10/18/2022,"West Palm Bea,FL",PHO SAIGON,"TST* Pho saigon West Palm Bea,FL",WELLS FARGO AUTOGRAPH VISA(R) CARD ...2398,$44.92 
Food/Drink,Restaurants,10/13/2022,"WEST PALM BEA,FL",BUDS CHICKEN AND SEAFOOD,"BUDS CHICKEN & SEAFOOD - WEST PALM BEA,FL",WELLS FARGO AUTOGRAPH VISA(R) CARD ...2398,$20.76 
Food/Drink,Restaurants,10/6/2022,"West Palm Bea,FL",JOY NOODLES AND RICE,"SQ *JOY NOODLES AND ASIAN West Palm Bea,FL",WELLS FARGO AUTOGRAPH VISA(R) CARD ...2398,$36.94 
Food/Drink,Restaurants,10/3/2022,"HASHTAGAPPLIC,FL",SOUVLAKI FAST,"SOUVLAKI FAST ONLINE HASHTAGAPPLIC,FL",WELLS FARGO AUTOGRAPH VISA(R) CARD ...2398,$18.93 
Food/Drink,Restaurants,9/13/2022,"HASHTAGAPPLIC,FL",SOUVLAKI GRILL,"SOUVLAKI GRILL II ON HASHTAGAPPLIC,FL",WELLS FARGO AUTOGRAPH VISA(R) CARD ...2398,$27.88 
Food/Drink,Restaurants,9/12/2022,"WEST PALM BEA,FL",EAST WOK,"EAST WOK. WEST PALM BEA,FL",WELLS FARGO AUTOGRAPH VISA(R) CARD ...2398,$12.10 
Food/Drink,Restaurants,9/9/2022,"WEST PALM BEA,FL",SMOOTHIE ME PLEASE,"SMOOTHIE ME PLEASE WEST PALM BEA,FL",WELLS FARGO AUTOGRAPH VISA(R) CARD ...2398,$5.34 
Food/Drink,Restaurants,8/26/2022,"WEST PALM BCH,FL",SOUVLAKI FAST,"TST* SOUVLAKI FAST PBG WEST PALM BCH,FL",WELLS FARGO AUTOGRAPH VISA(R) CARD ...2398,$18.49 
Food/Drink,Restaurants,8/23/2022,"olo.com      ,FL",WINGSTOP,"WINGSTOP 1122 OLO olo.com      ,FL",WELLS FARGO AUTOGRAPH VISA(R) CARD ...2398,$21.38 
Food/Drink,Restaurants,6/28/2022,"N PALM BEACH ,FL",VIETNAMESE EXPRESS CAFE,"Vietnamese Express Cafe N PALM BEACH ,FL",WELLS FARGO AUTOGRAPH VISA(R) CARD ...2398,$44.94 
Food/Drink,Restaurants,6/23/2022,"LAKE WORTH   ,FL",CHINA EMPIRE,"CHINA EMPIRE LAKE WORTH   ,FL",WELLS FARGO AUTOGRAPH VISA(R) CARD ...2398,$10.69 
Food/Drink,Restaurants,6/8/2022,"LAKE PARK    ,FL",PHO AND GRILL,"PHO & HOT POR RESTAU LAKE PARK    ,FL",WELLS FARGO AUTOGRAPH VISA(R) CARD ...2398,$24.61 
Food/Drink,Restaurants,5/13/2022,"WEST PALM BEA,FL",HOOK FISH AND CHICKEN,"HOOK FISH & CHICKEN WPB WEST PALM BEA,FL",WELLS FARGO AUTOGRAPH VISA(R) CARD ...2398,$33.45 
Food/Drink,Restaurants,4/28/2022,"561-6607811  ,FL",SNAPPERS FISH AND CHICKEN,"SNAPPERS FISH AND CHICKEN 561-6607811  ,FL",WELLS FARGO AUTOGRAPH VISA(R) CARD ...2398,$40.60 
Food/Drink,Restaurants,4/23/2022,"LAKE PARK    ,FL",PHO AND GRILL,"PHO & HOT POR RESTAU LAKE PARK    ,FL",WELLS FARGO AUTOGRAPH VISA(R) CARD ...2398,$17.12 
Food/Drink,Restaurants,4/19/2022,"LAKE WORTH   ,FL",TACOS AND CARNITAS PEPE S,"SQ *TACOS AL CARBON OF LA LAKE WORTH   ,FL",WELLS FARGO AUTOGRAPH VISA(R) CARD ...2398,$11.77 
Food/Drink,Restaurants,4/15/2022,"561-596-0418 ,FL",TAQUERIA HABANERO,"TST* Taqueria Guerrero - 561-596-0418 ,FL",WELLS FARGO AUTOGRAPH VISA(R) CARD ...2398,$21.37 
Food/Drink,Restaurants,3/23/2022,"LAKE PARK    ,FL",SAIGON,"SAIGON ORIENTAL FOOD LAKE PARK    ,FL",WELLS FARGO AUTOGRAPH VISA(R) CARD ...2398,$30.27 
Food/Drink,Restaurants,3/18/2022,"LAKE PARK    ,FL",SAIGON,"SAIGON ORIENTAL FOOD LAKE PARK    ,FL",WELLS FARGO AUTOGRAPH VISA(R) CARD ...2398,$38.52 
Food/Drink,Restaurants,3/16/2022,"LAKE PARK    ,FL",PHO AND GRILL,"PHO & HOT POR RESTAU LAKE PARK    ,FL",WELLS FARGO AUTOGRAPH VISA(R) CARD ...2398,$133.22 
Food/Drink,Restaurants,3/7/2022,"WEST PALM BEA,FL",99 PEOPLE,"CRAZY BUFFET WEST PALM BEA,FL",WELLS FARGO AUTOGRAPH VISA(R) CARD ...2398,$18.73 
Food/Drink,Restaurants,2/17/2022,"WEST PALM BEA,FL",EAST WOK,"EAST WOK. WEST PALM BEA,FL",WELLS FARGO AUTOGRAPH VISA(R) CARD ...2398,$24.20 
Food/Drink,Restaurants,2/15/2022,"LAKE PARK    ,FL",SAIGON,"SAIGON ORIENTAL FOOD LAKE PARK    ,FL",WELLS FARGO AUTOGRAPH VISA(R) CARD ...2398,$31.40 
Food/Drink,Restaurants,2/12/2022,"561-8487500  ,FL",BUDS CHICKEN AND SEAFOOD,"BUDS CHICKEN & SEAFOOD - 561-8487500  ,FL",WELLS FARGO AUTOGRAPH VISA(R) CARD ...2398,$43.61 
Food/Drink,Restaurants,2/11/2022,"312-515-1287 ,FL",WINGSTOP,"WINGSTOP - 1122 - MCOMMER 312-515-1287 ,FL",WELLS FARGO AUTOGRAPH VISA(R) CARD ...2398,$24.60 
Food/Drink,Restaurants,2/9/2022,"561-623-0102 ,FL",RICE AND NOODLE,"RICE AND NOODLE 561-623-0102 ,FL",WELLS FARGO AUTOGRAPH VISA(R) CARD ...2398,$137.50 
Food/Drink,Restaurants,2/5/2022,"WEST PALM BEA,FL",CHINA SKY,"CHINA SKY CHINESE FOOD WEST PALM BEA,FL",WELLS FARGO AUTOGRAPH VISA(R) CARD ...2398,$42.59 
Food/Drink,Restaurants,2/1/2022,"WEST PALM BEA,FL",CHINA SKY,"CHINA SKY CHINESE FOOD WEST PALM BEA,FL",WELLS FARGO AUTOGRAPH VISA(R) CARD ...2398,$42.59 
Food/Drink,Restaurants,2/1/2022,"PALM BCH GDNS,FL",LA GRANJA NORTHLAKE,"LA GRANJA NORTHLAKE PALM BCH GDNS,FL",WELLS FARGO AUTOGRAPH VISA(R) CARD ...2398,$57.62 
Food/Drink,Restaurants,1/17/2022,"BOYNTON BEACH,FL",PHO 32,"PHO 31 LLC BOYNTON BEACH,FL",WELLS FARGO AUTOGRAPH VISA(R) CARD ...2398,$41.57 
Food/Drink,Other Food/Drink,11/30/2022,"800-223-1216 ,NJ",THE VITAMIN SHOPPE,"VIT*VITAMIN SHOPPE.COM 800-223-1216 ,NJ",WELLS FARGO AUTOGRAPH VISA(R) CARD ...2398,$99.93 
Food/Drink,Other Food/Drink,10/18/2022,"561-6891601  ,FL",SMOOTHIE WHIRLD,"SMOOTHIE WHIRLD 561-6891601  ,FL",WELLS FARGO AUTOGRAPH VISA(R) CARD ...2398,$6.65 
Food/Drink,Other Food/Drink,10/3/2022,"561-6891601  ,FL",SMOOTHIE WHIRLD,"SMOOTHIE WHIRLD 561-6891601  ,FL",WELLS FARGO AUTOGRAPH VISA(R) CARD ...2398,$17.08 
Food/Drink,Other Food/Drink,9/27/2022,"WEST PALM BCH,FL",LA MICHOACANA NATURAL,"LA MICHOACANA NATURAL WEST PALM BCH,FL",WELLS FARGO AUTOGRAPH VISA(R) CARD ...2398,$8.50 
Food/Drink,Other Food/Drink,9/13/2022,"WEST PALM BCH,FL",LA MICHOACANA NATURAL,"LA MICHOACANA NATURAL WEST PALM BCH,FL",WELLS FARGO AUTOGRAPH VISA(R) CARD ...2398,$4.25 
Food/Drink,Other Food/Drink,7/6/2022,"JUPITER      ,FL",THE VITAMIN SHOPPE,"VITAMIN SHOPPE #440 JUPITER      ,FL",WELLS FARGO AUTOGRAPH VISA(R) CARD ...2398,$51.99 
Food/Drink,Other Food/Drink,2/5/2022,"HELP.UBER.COM,CA",UBER EATS,"UBER   EATS HELP.UBER.COM,CA",WELLS FARGO AUTOGRAPH VISA(R) CARD ...2398,$26.77 
Food/Drink,Other Food/Drink,2/5/2022,"HELP.UBER.COM,CA",UBER EATS,"UBER   EATS HELP.UBER.COM,CA",WELLS FARGO AUTOGRAPH VISA(R) CARD ...2398,$267.29 
Health,Doctor/Hospital,11/16/2022,"PALM BEACH GA,FL",UM2 OTOL PGB,"UM2 OTOL PGB PALM BEACH GA,FL",WELLS FARGO AUTOGRAPH VISA(R) CARD ...2398,$2.00 
Health,Doctor/Hospital,11/8/2022,"WEST PALM BEA,FL",UM2 FAM MED PALM BEACH,"UM2 FAM MED PALM BEACH WEST PALM BEA,FL",WELLS FARGO AUTOGRAPH VISA(R) CARD ...2398,$2.00 
Health,Doctor/Hospital,11/8/2022,"PALM BEACH GA,FL",UM2 OPHTH P BCH A,"UM2 OPHTH P BCH A132 PALM BEACH GA,FL",WELLS FARGO AUTOGRAPH VISA(R) CARD ...2398,($2.00)
Health,Doctor/Hospital,11/8/2022,"PALM BEACH GA,FL",UM2 OTOL PGB,"UM2 OTOL PGB PALM BEACH GA,FL",WELLS FARGO AUTOGRAPH VISA(R) CARD ...2398,$2.00 
Health,Doctor/Hospital,11/4/2022,"561-6553331  ,FL",OBGYN PGA,"OBGYN PGA 100 561-6553331  ,FL",WELLS FARGO AUTOGRAPH VISA(R) CARD ...2398,$27.00 
Health,Doctor/Hospital,11/4/2022,"561-790-5215 ,FL",SOUTH FLORIDA PI,"SOUTH FLORIDA FAIR 561-790-5215 ,FL",WELLS FARGO AUTOGRAPH VISA(R) CARD ...2398,$114.75 
Health,Eyecare,2/18/2022,"PALM BEACH GA,FL",STANTONOPTICAL,"STANTON OPTICAL PALM BEACH GA,FL",WELLS FARGO AUTOGRAPH VISA(R) CARD ...2398,$184.00 
Health,Pharmacy,12/24/2022,"RIVIERA BEACH,FL",WALGREENS,"WALGREENS #3455 RIVIERA BEACH,FL",WELLS FARGO AUTOGRAPH VISA(R) CARD ...2398,$36.27 
Health,Pharmacy,12/17/2022,"NORTH PALM BE,FL",WALGREENS,"WALGREENS #5254 NORTH PALM BE,FL",WELLS FARGO AUTOGRAPH VISA(R) CARD ...2398,$6.99 
Health,Pharmacy,12/2/2022,"PALM BEACH GA,FL",WALGREENS,"WALGREENS #6405 PALM BEACH GA,FL",WELLS FARGO AUTOGRAPH VISA(R) CARD ...2398,$17.48 
Health,Pharmacy,11/14/2022,"PALM BEACH GA,FL",CVS,"CVS/PHARMACY #03269 PALM BEACH GA,FL",WELLS FARGO AUTOGRAPH VISA(R) CARD ...2398,$14.49 
Health,Pharmacy,9/18/2022,"NORTH PALM BE,FL",WALGREENS,"WALGREENS #5254 NORTH PALM BE,FL",WELLS FARGO AUTOGRAPH VISA(R) CARD ...2398,$10.69 
Health,Pharmacy,9/13/2022,"NORTH PALM BE,FL",WALGREENS,"WALGREENS #5254 NORTH PALM BE,FL",WELLS FARGO AUTOGRAPH VISA(R) CARD ...2398,$55.28 
Health,Pharmacy,9/10/2022,"WEST PALM BEA,FL",CVS,"CVS/PHARMACY #08373 WEST PALM BEA,FL",WELLS FARGO AUTOGRAPH VISA(R) CARD ...2398,$48.17 
Health,Pharmacy,9/10/2022,"RIVIERA BEACH,FL",WALGREENS,"WALGREENS #3455 RIVIERA BEACH,FL",WELLS FARGO AUTOGRAPH VISA(R) CARD ...2398,$32.87 
Health,Pharmacy,6/11/2022,"RIVIERA BEACH,FL",WALGREENS,"WALGREENS #3455 RIVIERA BEACH,FL",WELLS FARGO AUTOGRAPH VISA(R) CARD ...2398,$15.38 
Health,Pharmacy,4/20/2022,"NORTH PALM BE,FL",WALGREENS,"WALGREENS #5254 NORTH PALM BE,FL",WELLS FARGO AUTOGRAPH VISA(R) CARD ...2398,$36.04 
Health,Pharmacy,4/20/2022,"PALM BEACH GA,FL",WALGREENS,"WALGREENS #6405 PALM BEACH GA,FL",WELLS FARGO AUTOGRAPH VISA(R) CARD ...2398,$6.67 
Health,Pharmacy,4/18/2022,"NORTH PALM BE,FL",WALGREENS,"WALGREENS #5254 NORTH PALM BE,FL",WELLS FARGO AUTOGRAPH VISA(R) CARD ...2398,$34.96 
Health,Pharmacy,4/15/2022,"PALM BEACH GA,FL",WALGREENS,"WALGREENS #6405 PALM BEACH GA,FL",WELLS FARGO AUTOGRAPH VISA(R) CARD ...2398,$19.77 
Health,Pharmacy,2/9/2022,"PALM BEACH GA,FL",CVS,"CVS/PHARMACY #05141 PALM BEACH GA,FL",WELLS FARGO AUTOGRAPH VISA(R) CARD ...2398,$12.58 
Health,Pharmacy,1/21/2022,"PALM BEACH GA,FL",CVS,"CVS/PHARMACY #05141 PALM BEACH GA,FL",WELLS FARGO AUTOGRAPH VISA(R) CARD ...2398,$19.98 
Home,DÃ©cor/Furnishings,1/17/2022,"MIAMI        ,FL",IKEA,"IKEA MIAMI MIAMI        ,FL",WELLS FARGO AUTOGRAPH VISA(R) CARD ...2398,$2.12 
Home,Home Improvements,11/11/2022,"LAKE PARK    ,FL",LOWE'S,"LOWES #01720* LAKE PARK    ,FL",WELLS FARGO AUTOGRAPH VISA(R) CARD ...2398,$11.73 
Home,Home Improvements,9/10/2022,"W PALM BCH   ,FL",THE HOME DEPOT,"THE HOME DEPOT #6320 W PALM BCH   ,FL",WELLS FARGO AUTOGRAPH VISA(R) CARD ...2398,$58.42 
Home,Home Improvements,8/14/2022,"LAKE PARK    ,FL",THE HOME DEPOT,"THE HOME DEPOT #0220 LAKE PARK    ,FL",WELLS FARGO AUTOGRAPH VISA(R) CARD ...2398,$38.50 
Home,Home Improvements,7/9/2022,"W PALM BCH   ,FL",THE HOME DEPOT,"THE HOME DEPOT #6320 W PALM BCH   ,FL",WELLS FARGO AUTOGRAPH VISA(R) CARD ...2398,$4.88 
Home,Home Improvements,5/13/2022,"W PALM BCH   ,FL",THE HOME DEPOT,"THE HOME DEPOT #6320 W PALM BCH   ,FL",WELLS FARGO AUTOGRAPH VISA(R) CARD ...2398,$40.63 
Home,Home Improvements,5/11/2022,"W PALM BCH   ,FL",THE HOME DEPOT,"THE HOME DEPOT #6320 W PALM BCH   ,FL",WELLS FARGO AUTOGRAPH VISA(R) CARD ...2398,$19.16 
Home,Home Improvements,5/10/2022,"LAKE PARK    ,FL",THE HOME DEPOT,"THE HOME DEPOT #0220 LAKE PARK    ,FL",WELLS FARGO AUTOGRAPH VISA(R) CARD ...2398,$32.10 
Home,Home Improvements,3/28/2022,"800-430-3376 ,GA",THE HOME DEPOT,"HOMEDEPOT.COM 800-430-3376 ,GA",WELLS FARGO AUTOGRAPH VISA(R) CARD ...2398,$32.07 
Home,Home Improvements,3/9/2022,"LAKE PARK    ,FL",LOWE'S,"LOWES #01720* LAKE PARK    ,FL",WELLS FARGO AUTOGRAPH VISA(R) CARD ...2398,$26.39 
Home,Home Improvements,2/25/2022,"LAKE PARK    ,FL",THE HOME DEPOT,"THE HOME DEPOT #0220 LAKE PARK    ,FL",WELLS FARGO AUTOGRAPH VISA(R) CARD ...2398,$27.54 
Home,Home Improvements,1/28/2022,"LAKE PARK    ,FL",THE HOME DEPOT,"THE HOME DEPOT #0220 LAKE PARK    ,FL",WELLS FARGO AUTOGRAPH VISA(R) CARD ...2398,$30.23 
Home,Household Services,2/12/2022,"561-8480673  ,FL",U HAUL,"U HAUL STORE 0078165 561-8480673  ,FL",WELLS FARGO AUTOGRAPH VISA(R) CARD ...2398,$70.05 
Miscellaneous,Other Miscellaneous,12/5/2022,"WWW.BTSOFFICI,CA",OFFICIAL BTS,"SP OFFICIAL BTS WWW.BTSOFFICI,CA",WELLS FARGO AUTOGRAPH VISA(R) CARD ...2398,$47.10 
Miscellaneous,Other Miscellaneous,11/26/2022,"630-776-3590 ,IL",BEYOND MENU,"BEYOND MENU  90674846 630-776-3590 ,IL",WELLS FARGO AUTOGRAPH VISA(R) CARD ...2398,$17.66 
Miscellaneous,Other Miscellaneous,11/18/2022,"630-776-3590 ,IL",BEYOND MENU,"BEYOND MENU  90455698 630-776-3590 ,IL",WELLS FARGO AUTOGRAPH VISA(R) CARD ...2398,$13.38 
Miscellaneous,Other Miscellaneous,11/12/2022,"35314369001  ,DF",NEO TOKYO,"PAYPAL *NEO TOKYO 35314369001  ,DF",WELLS FARGO AUTOGRAPH VISA(R) CARD ...2398,$54.21 
Miscellaneous,Other Miscellaneous,11/6/2022,"615-290-5236 ,TN",MIAMIGRILLN,"MIAMIGRILLN * 615-290-5236 ,TN",WELLS FARGO AUTOGRAPH VISA(R) CARD ...2398,$33.39 
Miscellaneous,Other Miscellaneous,10/28/2022,"630-776-3590 ,IL",BEYOND MENU,"BEYOND MENU  89817195 630-776-3590 ,IL",WELLS FARGO AUTOGRAPH VISA(R) CARD ...2398,$16.26 
Miscellaneous,Other Miscellaneous,10/19/2022,"855-2536686  ,NC",LENOVO UNITED STATES,"Lenovo United States 855-2536686  ,NC",WELLS FARGO AUTOGRAPH VISA(R) CARD ...2398,$32.08 
Miscellaneous,Other Miscellaneous,10/17/2022,"THORNHILL    ,CD",OIL PERFUMERY,"SP OIL PERFUMERY THORNHILL    ,CD",WELLS FARGO AUTOGRAPH VISA(R) CARD ...2398,$94.65 
Miscellaneous,Other Miscellaneous,10/16/2022,"HTTPSSTORE.BE,CA",BETHEL MUSIC SHOP,"SP BETHEL MUSIC SHOP HTTPSSTORE.BE,CA",WELLS FARGO AUTOGRAPH VISA(R) CARD ...2398,$46.58 
Miscellaneous,Other Miscellaneous,10/13/2022,"949-524-4000 ,CA",CHIPOTLE ONLINE,"CHIPOTLE ONLINE 949-524-4000 ,CA",WELLS FARGO AUTOGRAPH VISA(R) CARD ...2398,$22.63 
Miscellaneous,Other Miscellaneous,8/16/2022,"HTTPSWWW.ERIN,FL",IMPROVEU SOLUTIONS,"IMPROVEU SOLUTIONS LLC HTTPSWWW.ERIN,FL",WELLS FARGO AUTOGRAPH VISA(R) CARD ...2398,$47.00 
Miscellaneous,Other Miscellaneous,7/27/2022,"RIVIERA BEACH,FL",RIVIERA PETROLEUM AND FOO,"RIVIERA PETROLEUM AND FOO RIVIERA BEACH,FL",WELLS FARGO AUTOGRAPH VISA(R) CARD ...2398,$53.46 
Miscellaneous,Other Miscellaneous,6/3/2022,"WWW.EVENTSHOP,TN",EVENTSHOP,"WWW.EVENTSHOP.COM WWW.EVENTSHOP,TN",WELLS FARGO AUTOGRAPH VISA(R) CARD ...2398,$25.22 
Miscellaneous,Other Miscellaneous,5/10/2022,"HTTPSWWW.ANGI,NY",PAY ANGI MAY,"PAY* ANGI-MAY10 HTTPSWWW.ANGI,NY",WELLS FARGO AUTOGRAPH VISA(R) CARD ...2398,$171.12 
Miscellaneous,Other Miscellaneous,5/10/2022,"HTTPSWWW.ANGI,NY",PAY ANGI MAY,"PAY* ANGI-MAY10 HTTPSWWW.ANGI,NY",WELLS FARGO AUTOGRAPH VISA(R) CARD ...2398,$85.56 
Miscellaneous,Other Miscellaneous,5/10/2022,"HTTPSWWW.ANGI,NY",PAY ANGI MAY,"PAY* ANGI-MAY10 HTTPSWWW.ANGI,NY",WELLS FARGO AUTOGRAPH VISA(R) CARD ...2398,$289.67 
Miscellaneous,Other Miscellaneous,4/15/2022,"WEST PALM BCH,FL",LA MICHOACANA NATURAL,"LA MICHOACANA NATURAL WEST PALM BCH,FL",WELLS FARGO AUTOGRAPH VISA(R) CARD ...2398,$4.25 
Miscellaneous,Other Miscellaneous,1/19/2022,"HTTPSWWW.PBA.,FL",P2P,"P2P HTTPSWWW.PBA.,FL",WELLS FARGO AUTOGRAPH VISA(R) CARD ...2398,$20.00 
Miscellaneous,Other Miscellaneous,1/18/2022,"HTTPSWWW.PBA.,FL",P2P,"P2P HTTPSWWW.PBA.,FL",WELLS FARGO AUTOGRAPH VISA(R) CARD ...2398,$20.00 
Miscellaneous,Other Miscellaneous,1/12/2022,"PALM BCH GDNS,FL",ZEERA INDIAN CUISINE,"ZEERA INDIAN CUISINE PALM BCH GDNS,FL",WELLS FARGO AUTOGRAPH VISA(R) CARD ...2398,$82.04 
Personal Care,Hair Care/Beauty Supply,12/16/2022,"WEST PALM BEA,FL",BATH & BODY WORKS,"BATH AND BODY WORKS 5413 WEST PALM BEA,FL",WELLS FARGO AUTOGRAPH VISA(R) CARD ...2398,$10.11 
Personal Care,Hair Care/Beauty Supply,12/10/2022,"LAKE PARK    ,FL",SUPERCUTS,"SUPERCUTS 83079 LAKE PARK    ,FL",WELLS FARGO AUTOGRAPH VISA(R) CARD ...2398,$26.99 
Personal Care,Hair Care/Beauty Supply,11/28/2022,"PALM BCH GDNS,FL",SALLY BEAUTY,"SALLY BEAUTY #2456 PALM BCH GDNS,FL",WELLS FARGO AUTOGRAPH VISA(R) CARD ...2398,$1.70 
Personal Care,Hair Care/Beauty Supply,11/5/2022,"LAKE PARK    ,FL",SUPERCUTS,"SUPERCUTS 83079 LAKE PARK    ,FL",WELLS FARGO AUTOGRAPH VISA(R) CARD ...2398,$26.99 
Personal Care,Hair Care/Beauty Supply,9/26/2022,"LAKE PARK    ,FL",SUPERCUTS,"SUPERCUTS 83079 LAKE PARK    ,FL",WELLS FARGO AUTOGRAPH VISA(R) CARD ...2398,$26.99 
Personal Care,Hair Care/Beauty Supply,8/6/2022,"LAKE PARK    ,FL",SUPERCUTS,"SUPERCUTS 83079 LAKE PARK    ,FL",WELLS FARGO AUTOGRAPH VISA(R) CARD ...2398,$23.99 
Personal Care,Hair Care/Beauty Supply,6/5/2022,"RIVIERA BEACH,FL",ROYALS,"ROYALS PLAZA INC RIVIERA BEACH,FL",WELLS FARGO AUTOGRAPH VISA(R) CARD ...2398,$39.01 
Personal Care,Hair Care/Beauty Supply,4/19/2022,"WEST PALM BEA,FL",PALM BEACH TAN,"PBAU POD EXPRESS WEST PALM BEA,FL",WELLS FARGO AUTOGRAPH VISA(R) CARD ...2398,$3.19 
Personal Care,Hair Care/Beauty Supply,3/11/2022,"LAKE PARK    ,FL",SUPERCUTS,"SUPERCUTS 83079 LAKE PARK    ,FL",WELLS FARGO AUTOGRAPH VISA(R) CARD ...2398,$20.99 
Shopping,Clothing/Accessories,12/22/2022,"PALM BEACH GA,FL",ALTAR'D STATE,"ALTAR'D STATE #219 PALM BEACH GA,FL",WELLS FARGO AUTOGRAPH VISA(R) CARD ...2398,$96.22 
Shopping,Clothing/Accessories,5/11/2022,"LAS VEGAS    ,NV",HEY DUDE,"HEY DUDE 4 LAS VEGAS    ,NV",WELLS FARGO AUTOGRAPH VISA(R) CARD ...2398,($115.47)
Shopping,Clothing/Accessories,4/17/2022,"012-345-6789 ,NV",HEY DUDE,"HEY DUDE 4 012-345-6789 ,NV",WELLS FARGO AUTOGRAPH VISA(R) CARD ...2398,$115.47 
Shopping,Clothing/Accessories,3/18/2022,"WEST PALM BEA,FL",WPB THRIFT,"WPB THRIFT INC WEST PALM BEA,FL",WELLS FARGO AUTOGRAPH VISA(R) CARD ...2398,$7.23 
Shopping,Electronics/Software,10/28/2022,"LAKE WORTH   ,FL",INTERNATIONAL MARKET,"INTERNATIONAL MARKET LAKE WORTH   ,FL",WELLS FARGO AUTOGRAPH VISA(R) CARD ...2398,$8.54 
Shopping,Electronics/Software,10/12/2022,"OMAHA        ,NE",HUNGRY 4FOOD,"HUNGRY 4FOOD.COM OMAHA        ,NE",WELLS FARGO AUTOGRAPH VISA(R) CARD ...2398,$62.06 
Shopping,Electronics/Software,2/5/2022,"OMAHA        ,NE",HUNGRY4FOOD COM,"HUNGRY4FOOD COM OMAHA        ,NE",WELLS FARGO AUTOGRAPH VISA(R) CARD ...2398,$85.60 
Shopping,Toys/Hobbies,2/18/2022,"LAKE PARK    ,FL",HOBBY LOBBY,"HOBBY LOBBY #795 LAKE PARK    ,FL",WELLS FARGO AUTOGRAPH VISA(R) CARD ...2398,$39.76 
Shopping,Other Shopping,12/27/2022,"PALM BEACH GA,FL",COSTCO,"COSTCO WHSE #0093 PALM BEACH GA,FL",WELLS FARGO AUTOGRAPH VISA(R) CARD ...2398,$26.07 
Shopping,Other Shopping,12/22/2022,"LAKE PARK    ,FL",FAMILY DOLLAR,"FAMILY DOLLAR #7634 LAKE PARK    ,FL",WELLS FARGO AUTOGRAPH VISA(R) CARD ...2398,$7.49 
Shopping,Other Shopping,12/17/2022,"PALM BEACH GA,FL",COSTCO,"COSTCO WHSE #0093 PALM BEACH GA,FL",WELLS FARGO AUTOGRAPH VISA(R) CARD ...2398,$59.85 
Shopping,Other Shopping,12/12/2022,"LANTANA      ,FL",COSTCO,"COSTCO WHSE #0180 LANTANA      ,FL",WELLS FARGO AUTOGRAPH VISA(R) CARD ...2398,$81.26 
Shopping,Other Shopping,12/11/2022,"PALM BEACH GA,FL",COSTCO,"COSTCO WHSE #0093 PALM BEACH GA,FL",WELLS FARGO AUTOGRAPH VISA(R) CARD ...2398,$44.91 
Shopping,Other Shopping,12/3/2022,"PALM BEACH GA,FL",COSTCO,"COSTCO WHSE #0093 PALM BEACH GA,FL",WELLS FARGO AUTOGRAPH VISA(R) CARD ...2398,($68.35)
Shopping,Other Shopping,12/3/2022,"PALM BEACH GA,FL",COSTCO,"COSTCO WHSE #0093 PALM BEACH GA,FL",WELLS FARGO AUTOGRAPH VISA(R) CARD ...2398,$100.74 
Shopping,Other Shopping,12/3/2022,"LAKE PARK    ,FL",WALMART,"WAL-MART #3348 LAKE PARK    ,FL",WELLS FARGO AUTOGRAPH VISA(R) CARD ...2398,$1.26 
Shopping,Other Shopping,12/2/2022,"Amzn.com/bill,WA",AMAZON,"AMZN Mktp US*LA9XP5P13 Amzn.com/bill,WA",WELLS FARGO AUTOGRAPH VISA(R) CARD ...2398,$21.39 
Shopping,Other Shopping,12/1/2022,"PALM BEACH GA,FL",COSTCO,"COSTCO WHSE #0093 PALM BEACH GA,FL",WELLS FARGO AUTOGRAPH VISA(R) CARD ...2398,$68.35 
Shopping,Other Shopping,11/28/2022,"LAKE PARK    ,FL",WALMART,"WAL-MART #3348 LAKE PARK    ,FL",WELLS FARGO AUTOGRAPH VISA(R) CARD ...2398,$6.34 
Shopping,Other Shopping,11/25/2022,"LAKE PARK    ,FL",KOHL'S,"KOHL'S #1287 LAKE PARK    ,FL",WELLS FARGO AUTOGRAPH VISA(R) CARD ...2398,($40.02)
Shopping,Other Shopping,11/25/2022,"LAKE PARK    ,FL",WALMART,"WAL-MART #3348 LAKE PARK    ,FL",WELLS FARGO AUTOGRAPH VISA(R) CARD ...2398,($10.70)
Shopping,Other Shopping,11/23/2022,"LAKE PARK    ,FL",KOHL'S,"KOHL'S #1287 LAKE PARK    ,FL",WELLS FARGO AUTOGRAPH VISA(R) CARD ...2398,$40.02 
Shopping,Other Shopping,11/23/2022,"LAKE PARK    ,FL",WALMART,"WAL-MART #3348 LAKE PARK    ,FL",WELLS FARGO AUTOGRAPH VISA(R) CARD ...2398,$10.70 
Shopping,Other Shopping,11/23/2022,"LAKE PARK    ,FL",WALMART,"WM SUPERCENTER #3348 LAKE PARK    ,FL",WELLS FARGO AUTOGRAPH VISA(R) CARD ...2398,($16.05)
Shopping,Other Shopping,11/18/2022,"LAKE PARK    ,FL",WALMART,"WAL-MART #3348 LAKE PARK    ,FL",WELLS FARGO AUTOGRAPH VISA(R) CARD ...2398,$16.05 
Shopping,Other Shopping,11/14/2022,"LAKE PARK    ,FL",WALMART,"WAL-MART #3348 LAKE PARK    ,FL",WELLS FARGO AUTOGRAPH VISA(R) CARD ...2398,($20.20)
Shopping,Other Shopping,11/13/2022,"LAKE PARK    ,FL",WALMART,"WM SUPERCENTER #3348 LAKE PARK    ,FL",WELLS FARGO AUTOGRAPH VISA(R) CARD ...2398,$20.20 
Shopping,Other Shopping,11/12/2022,"WEST PALM BEA,FL",TARGET,"TARGET        00019414 WEST PALM BEA,FL",WELLS FARGO AUTOGRAPH VISA(R) CARD ...2398,$154.73 
Shopping,Other Shopping,11/3/2022,"PALM BEACH GA,FL",COSTCO,"COSTCO WHSE #0093 PALM BEACH GA,FL",WELLS FARGO AUTOGRAPH VISA(R) CARD ...2398,$3.73 
Shopping,Other Shopping,11/3/2022,"PALM BEACH GA,FL",COSTCO,"COSTCO WHSE #0093 PALM BEACH GA,FL",WELLS FARGO AUTOGRAPH VISA(R) CARD ...2398,$19.25 
Shopping,Other Shopping,10/15/2022,"PALM BEACH GA,FL",COSTCO,"COSTCO WHSE #0093 PALM BEACH GA,FL",WELLS FARGO AUTOGRAPH VISA(R) CARD ...2398,$9.61 
Shopping,Other Shopping,10/15/2022,"PALM BEACH GA,FL",COSTCO,"COSTCO WHSE #0093 PALM BEACH GA,FL",WELLS FARGO AUTOGRAPH VISA(R) CARD ...2398,$71.62 
Shopping,Other Shopping,9/22/2022,"LAKE PARK    ,FL",FAMILY DOLLAR,"FAMILY DOLLAR #7634 LAKE PARK    ,FL",WELLS FARGO AUTOGRAPH VISA(R) CARD ...2398,$2.14 
Shopping,Other Shopping,8/27/2022,"WEST PALM BEA,FL",TARGET,"TARGET        00019414 WEST PALM BEA,FL",WELLS FARGO AUTOGRAPH VISA(R) CARD ...2398,$13.84 
Shopping,Other Shopping,8/26/2022,"PALM BEACH GA,FL",COSTCO,"COSTCO WHSE #0093 PALM BEACH GA,FL",WELLS FARGO AUTOGRAPH VISA(R) CARD ...2398,$3.73 
Shopping,Other Shopping,8/26/2022,"PALM BEACH GA,FL",COSTCO,"COSTCO WHSE #0093 PALM BEACH GA,FL",WELLS FARGO AUTOGRAPH VISA(R) CARD ...2398,$244.21 
Shopping,Other Shopping,8/26/2022,"WEST PALM BEA,FL",TARGET,"TARGET        00024273 WEST PALM BEA,FL",WELLS FARGO AUTOGRAPH VISA(R) CARD ...2398,$66.95 
Shopping,Other Shopping,8/14/2022,"PALM BEACH GA,FL",COSTCO,"COSTCO WHSE #0093 PALM BEACH GA,FL",WELLS FARGO AUTOGRAPH VISA(R) CARD ...2398,$5.34 
Shopping,Other Shopping,8/14/2022,"PALM BEACH GA,FL",COSTCO,"COSTCO WHSE #0093 PALM BEACH GA,FL",WELLS FARGO AUTOGRAPH VISA(R) CARD ...2398,$220.22 
Shopping,Other Shopping,8/11/2022,"PALM BEACH GA,FL",COSTCO,"COSTCO WHSE #0093 PALM BEACH GA,FL",WELLS FARGO AUTOGRAPH VISA(R) CARD ...2398,$5.86 
Shopping,Other Shopping,8/11/2022,"PALM BEACH GA,FL",COSTCO,"COSTCO WHSE #0093 PALM BEACH GA,FL",WELLS FARGO AUTOGRAPH VISA(R) CARD ...2398,$162.54 
Shopping,Other Shopping,7/29/2022,"LAKE PARK    ,FL",WALMART,"WAL-MART #3348 LAKE PARK    ,FL",WELLS FARGO AUTOGRAPH VISA(R) CARD ...2398,$105.39 
Shopping,Other Shopping,7/26/2022,"PALM BEACH GA,FL",COSTCO,"COSTCO WHSE #0093 PALM BEACH GA,FL",WELLS FARGO AUTOGRAPH VISA(R) CARD ...2398,$39.49 
Shopping,Other Shopping,7/19/2022,"WEST PALM BEA,FL",TARGET,"TARGET        00019414 WEST PALM BEA,FL",WELLS FARGO AUTOGRAPH VISA(R) CARD ...2398,$121.43 
Shopping,Other Shopping,7/15/2022,"LAKE WORTH   ,FL",WALMART,"WAL-MART #1398 LAKE WORTH   ,FL",WELLS FARGO AUTOGRAPH VISA(R) CARD ...2398,$33.13 
Shopping,Other Shopping,7/9/2022,"LANTANA      ,FL",COSTCO,"COSTCO WHSE #0180 LANTANA      ,FL",WELLS FARGO AUTOGRAPH VISA(R) CARD ...2398,$40.04 
Shopping,Other Shopping,7/9/2022,"WEST PALM BEA,FL",FIVE BELOW,"FIVE BELOW # 6051 WEST PALM BEA,FL",WELLS FARGO AUTOGRAPH VISA(R) CARD ...2398,$21.40 
Shopping,Other Shopping,6/20/2022,"PALM BEACH GA,FL",COSTCO,"COSTCO WHSE #0093 PALM BEACH GA,FL",WELLS FARGO AUTOGRAPH VISA(R) CARD ...2398,$136.71 
Shopping,Other Shopping,6/14/2022,"PALM BEACH GA,FL",COSTCO,"COSTCO WHSE #0093 PALM BEACH GA,FL",WELLS FARGO AUTOGRAPH VISA(R) CARD ...2398,$11.99 
Shopping,Other Shopping,6/14/2022,"PALM BEACH GA,FL",COSTCO,"COSTCO WHSE #0093 PALM BEACH GA,FL",WELLS FARGO AUTOGRAPH VISA(R) CARD ...2398,($100.50)
Shopping,Other Shopping,6/12/2022,"PALM BEACH GA,FL",COSTCO,"COSTCO WHSE #0093 PALM BEACH GA,FL",WELLS FARGO AUTOGRAPH VISA(R) CARD ...2398,$6.41 
Shopping,Other Shopping,6/12/2022,"PALM BEACH GA,FL",COSTCO,"COSTCO WHSE #0093 PALM BEACH GA,FL",WELLS FARGO AUTOGRAPH VISA(R) CARD ...2398,$230.98 
Shopping,Other Shopping,6/8/2022,"AMZN.COM/BILL,WA",AMAZON,"AMAZON.COM*782JR6BP3 AMZN AMZN.COM/BILL,WA",WELLS FARGO AUTOGRAPH VISA(R) CARD ...2398,$31.02 
Shopping,Other Shopping,6/8/2022,"Amzn.com/bill,WA",AMAZON,"AMZN Mktp US*NG7QH5AK3 Amzn.com/bill,WA",WELLS FARGO AUTOGRAPH VISA(R) CARD ...2398,$50.24 
Shopping,Other Shopping,6/8/2022,"RIVIERA BEACH,FL",DD'S DISCOUNTS,"DD'S DISCOUNT #5115 RIVIERA BEACH,FL",WELLS FARGO AUTOGRAPH VISA(R) CARD ...2398,$4.27 
Shopping,Other Shopping,5/26/2022,"PALM BEACH GA,FL",COSTCO,"COSTCO WHSE #0093 PALM BEACH GA,FL",WELLS FARGO AUTOGRAPH VISA(R) CARD ...2398,$23.52 
Shopping,Other Shopping,5/19/2022,"LAKE PARK    ,FL",WALMART,"WM SUPERCENTER #3348 LAKE PARK    ,FL",WELLS FARGO AUTOGRAPH VISA(R) CARD ...2398,$61.34 
Shopping,Other Shopping,5/14/2022,"PALM BEACH GA,FL",FIVE BELOW,"FIVE BELOW 927 PALM BEACH GA,FL",WELLS FARGO AUTOGRAPH VISA(R) CARD ...2398,$42.80 
Shopping,Other Shopping,5/13/2022,"WEST PALM BEA,FL",FIVE BELOW,"FIVE BELOW # 6051 WEST PALM BEA,FL",WELLS FARGO AUTOGRAPH VISA(R) CARD ...2398,$46.38 
Shopping,Other Shopping,5/9/2022,"PALM BEACH GA,FL",COSTCO,"COSTCO WHSE #0093 PALM BEACH GA,FL",WELLS FARGO AUTOGRAPH VISA(R) CARD ...2398,$91.26 
Shopping,Other Shopping,5/1/2022,"WEST PALM BEA,FL",TARGET,"TARGET        00024273 WEST PALM BEA,FL",WELLS FARGO AUTOGRAPH VISA(R) CARD ...2398,($35.30)
Shopping,Other Shopping,4/28/2022,"WEST PALM BEA,FL",TARGET,"TARGET        00024273 WEST PALM BEA,FL",WELLS FARGO AUTOGRAPH VISA(R) CARD ...2398,$72.75 
Shopping,Other Shopping,4/25/2022,"AMZN.COM/BILL,WA",AMAZON,"AMZN MKTP US*1O7XN7B02 AM AMZN.COM/BILL,WA",WELLS FARGO AUTOGRAPH VISA(R) CARD ...2398,$94.12 
Shopping,Other Shopping,4/21/2022,"RIVIERA BEACH,FL",DOLLAR GENERAL,"DOLLAR GENERAL #17116 RIVIERA BEACH,FL",WELLS FARGO AUTOGRAPH VISA(R) CARD ...2398,$2.41 
Shopping,Other Shopping,4/17/2022,"LAKE PARK    ,FL",WALMART,"WM SUPERCENTER #3348 LAKE PARK    ,FL",WELLS FARGO AUTOGRAPH VISA(R) CARD ...2398,$56.51 
Shopping,Other Shopping,3/28/2022,"PALM BEACH GA,FL",COSTCO,"COSTCO WHSE #0093 PALM BEACH GA,FL",WELLS FARGO AUTOGRAPH VISA(R) CARD ...2398,$89.39 
Shopping,Other Shopping,3/18/2022,"PALM BEACH GA,FL",COSTCO,"COSTCO WHSE #0093 PALM BEACH GA,FL",WELLS FARGO AUTOGRAPH VISA(R) CARD ...2398,$188.97 
Shopping,Other Shopping,3/13/2022,"RIVIERA BEACH,FL",DOLLAR GENERAL,"DOLLAR GENERAL #17116 RIVIERA BEACH,FL",WELLS FARGO AUTOGRAPH VISA(R) CARD ...2398,$25.57 
Shopping,Other Shopping,3/9/2022,"NORTH PALM BE,FL",DOLLAR TREE,"DOLLARTREE NORTH PALM BE,FL",WELLS FARGO AUTOGRAPH VISA(R) CARD ...2398,$13.11 
Shopping,Other Shopping,3/9/2022,"WEST PALM BEA,FL",TARGET,"TARGET        00019414 WEST PALM BEA,FL",WELLS FARGO AUTOGRAPH VISA(R) CARD ...2398,$112.61 
Shopping,Other Shopping,3/4/2022,"PALM BEACH GA,FL",BED BATH & BEYOND,"BED BATH & BEYOND #273 PALM BEACH GA,FL",WELLS FARGO AUTOGRAPH VISA(R) CARD ...2398,($12.83)
Shopping,Other Shopping,3/4/2022,"PALM BEACH GA,FL",COSTCO,"COSTCO WHSE #0093 PALM BEACH GA,FL",WELLS FARGO AUTOGRAPH VISA(R) CARD ...2398,$9.63 
Shopping,Other Shopping,3/4/2022,"PALM BEACH GA,FL",COSTCO,"COSTCO WHSE #0093 PALM BEACH GA,FL",WELLS FARGO AUTOGRAPH VISA(R) CARD ...2398,$90.91 
Shopping,Other Shopping,3/4/2022,"LAKE PARK    ,FL",WALMART,"WAL-MART #3348 LAKE PARK    ,FL",WELLS FARGO AUTOGRAPH VISA(R) CARD ...2398,$139.89 
Shopping,Other Shopping,2/21/2022,"RIVIERA BEACH,FL",DOLLAR GENERAL,"DOLLAR GENERAL #17116 RIVIERA BEACH,FL",WELLS FARGO AUTOGRAPH VISA(R) CARD ...2398,$3.75 
Shopping,Other Shopping,2/18/2022,"PALM BEACH GA,FL",COSTCO,"COSTCO WHSE #0093 PALM BEACH GA,FL",WELLS FARGO AUTOGRAPH VISA(R) CARD ...2398,$13.90 
Shopping,Other Shopping,2/18/2022,"PALM BEACH GA,FL",COSTCO,"COSTCO WHSE #0093 PALM BEACH GA,FL",WELLS FARGO AUTOGRAPH VISA(R) CARD ...2398,$193.74 
Shopping,Other Shopping,2/18/2022,"WEST PALM BEA,FL",TARGET,"TARGET        00019414 WEST PALM BEA,FL",WELLS FARGO AUTOGRAPH VISA(R) CARD ...2398,$44.93 
Shopping,Other Shopping,2/12/2022,"RIVIERA BEACH,FL",DOLLAR GENERAL,"DOLLAR GENERAL #17116 RIVIERA BEACH,FL",WELLS FARGO AUTOGRAPH VISA(R) CARD ...2398,$48.33 
Shopping,Other Shopping,2/11/2022,"LAKE PARK    ,FL",FAMILY DOLLAR,"FAMILY DOLLAR #7634 LAKE PARK    ,FL",WELLS FARGO AUTOGRAPH VISA(R) CARD ...2398,$17.39 
Shopping,Other Shopping,2/10/2022,"PALM BEACH GA,FL",BED BATH & BEYOND,"BED BATH & BEYOND #273 PALM BEACH GA,FL",WELLS FARGO AUTOGRAPH VISA(R) CARD ...2398,$36.35 
Shopping,Other Shopping,1/28/2022,"PALM BEACH GA,FL",COSTCO,"COSTCO WHSE #0093 PALM BEACH GA,FL",WELLS FARGO AUTOGRAPH VISA(R) CARD ...2398,$64.15 
Shopping,Other Shopping,1/15/2022,"PALM BEACH GA,WA",AMAZON,"AmazonStores PALM BEACH GA,WA",WELLS FARGO AUTOGRAPH VISA(R) CARD ...2398,$75.00 
Shopping,Other Shopping,1/15/2022,"LAKE PARK    ,FL",FAMILY DOLLAR,"FAMILY DOLLAR #7634 LAKE PARK    ,FL",WELLS FARGO AUTOGRAPH VISA(R) CARD ...2398,$1.07 
Shopping,Other Shopping,1/8/2022,"PALM BEACH GA,FL",COSTCO,"COSTCO WHSE #0093 PALM BEACH GA,FL",WELLS FARGO AUTOGRAPH VISA(R) CARD ...2398,$313.53 
Travel,Bus/Train,8/23/2022,"WEST PALM BEA,FL",AMTRAK,"CITY OF WPB PARKING GARAG WEST PALM BEA,FL",WELLS FARGO AUTOGRAPH VISA(R) CARD ...2398,$5.00 
Credit Card/Loan Payments,Car Payments,11/12/2022,"LAKE PARK    ,FL",TOYOTA,"EARL STEWART TOYOTA NORT LAKE PARK    ,FL",WELLS FARGO AUTOGRAPH VISA(R) CARD ...2398,$243.93 
Credit Card/Loan Payments,Car Payments,10/29/2022,"LAKE PARK    ,FL",TOYOTA,"EARL STEWART TOYOTA NORT LAKE PARK    ,FL",WELLS FARGO AUTOGRAPH VISA(R) CARD ...2398,$388.76 
Credit Card/Loan Payments,Car Payments,7/10/2022,"LAKE PARK    ,FL",TOYOTA,"EARL STEWART TOYOTA NORT LAKE PARK    ,FL",WELLS FARGO AUTOGRAPH VISA(R) CARD ...2398,$28.76 
Credit Card/Loan Payments,Car Payments,1/8/2022,"LAKE PARK    ,FL",TOYOTA,"EARL STEWART TOYOTA NORT LAKE PARK    ,FL",WELLS FARGO AUTOGRAPH VISA(R) CARD ...2398,$114.35 
Credit Card/Loan Payments,Loan/Line of Credit Payments,9/10/2022,"800-844-2843 ,MN",DIGITAL FEDERAL CREDIT UNION,"DCU*YOUR CHECK ORDER 800-844-2843 ,MN",WELLS FARGO AUTOGRAPH VISA(R) CARD ...2398,$11.98 
Credit Card/Loan Payments,Other Debt Payments,9/14/2022,"NKIN' DONUTS ,",MY DEALS CASH BACK FOR,"MY DEALS CASH BACK FOR DU NKIN' DONUTS ,",WELLS FARGO AUTOGRAPH VISA(R) CARD ...2398,($1.37)
Credit Card/Loan Payments,Other Debt Payments,9/8/2022,"IPOTLE MEXICA,",MY DEALS CASH BACK FOR,"MY DEALS CASH BACK FOR CH IPOTLE MEXICA,",WELLS FARGO AUTOGRAPH VISA(R) CARD ...2398,($1.16)
